{
    "data": {
        "products": [
            {
                "id": "04йцу7eae74-1efd-11ec-9621-0242ac130002",
                "title": "Men's Nike J.J. Watt Black Arizona Cardinals Legend Jersey",
                "department": "Джерси",
                "price": 9000,
                "badge": {
                    "value": "Хит сезона",
                    "color": "#3C72BF"
                },
                "preview": "https://fanatics.frgimages.com/FFImage/thumb.aspx?i=/productimages/_3533000/ff_3533150-d9254664c08370f8572c_full.jpg&w=340",
                "images": [
                    "https://fanatics.frgimages.com/FFImage/thumb.aspx?i=/productimages/_3888000/altimages/ff_3888062-f848e302bef4a86eff9aalt3_full.jpg&w=900"
                ],
                "sizes": [
                    {
                        "value": "XL",
                        "is_available": "true"
                    }
                ],
                "description": "We want fans to celebrate their fandom by customizing and personalizing certain products. For these customizable products, including jerseys, we invite customers to tell us how they would like their preferred name or other text to appear by typing that text into the field indicated. However, just because a customer is able to type proposed customization text into the field and is able to complete the order through the website, not all proposed customization text will be accepted. Please note, Fanatics may reject and cancel any customization order for any reason, including for messages that are deemed offensive or inappropriate. Take your Arizona Cardinals fandom to the next level when you grab this Custom Game Jersey. This Nike gear is perfect for an avid Arizona Cardinals fan like you who never misses a moment of the action. The crisp graphics will put your unwavering pride on full display and ensure everyone knows who you're rooting for at the next game!",
                "details":
                    "Fit: Men's Nike Game Jerseys have a Loose Fit. We recommend ordering one size larger than you normally wear for a looser fit or up two sizes if you plan on layering underneath the jersey."
                
            },
            {
                "id": "99999йцу9699-1efd-11ec-9621-0242aff3430002",
                "title": "Men's Nike J.J. Watt Black Arizona Cardinals Legend Jersey",
                "department": "Джерси",
                "price": 9000,
                "badge": {
                    "value": "Хит сезона",
                    "color": "#3C72BF"
                },
                "preview": "https://fanatics.frgimages.com/FFImage/thumb.aspx?i=/productimages/_3533000/ff_3533150-d9254664c08370f8572c_full.jpg&w=340",
                "images": [
                    "https://fanatics.frgimages.com/FFImage/thumb.aspx?i=/productimages/_3888000/altimages/ff_3888062-f848e302bef4a86eff9aalt3_full.jpg&w=900"
                ],
                "sizes": [
                    {
                        "value": "XL",
                        "is_available": "true"
                    }
                ],
                "description": "We want fans to celebrate their fandom by customizing and personalizing certain products. For these customizable products, including jerseys, we invite customers to tell us how they would like their preferred name or other text to appear by typing that text into the field indicated. However, just because a customer is able to type proposed customization text into the field and is able to complete the order through the website, not all proposed customization text will be accepted. Please note, Fanatics may reject and cancel any customization order for any reason, including for messages that are deemed offensive or inappropriate. Take your Arizona Cardinals fandom to the next level when you grab this Custom Game Jersey. This Nike gear is perfect for an avid Arizona Cardinals fan like you who never misses a moment of the action. The crisp graphics will put your unwavering pride on full display and ensure everyone knows who you're rooting for at the next game!",
                "details":
                    "Fit: Men's Nike Game Jerseys have a Loose Fit. We recommend ordering one size larger than you normally wear for a looser fit or up two sizes if you plan on layering underneath the jersey."
                
            },
            {
                "id": "0475eйцуae74-1efd-11ec-9621-0242ac130002",
                "title": "Men's Nike J.J. Watt Black Arizona Cardinals Legend Jersey",
                "department": "Джерси",
                "price": 9000,
                "badge": {
                    "value": "Хит сезона",
                    "color": "#3C72BF"
                },
                "preview": "https://fanatics.frgimages.com/FFImage/thumb.aspx?i=/productimages/_3533000/ff_3533150-d9254664c08370f8572c_full.jpg&w=340",
                "images": [
                    "https://fanatics.frgimages.com/FFImage/thumb.aspx?i=/productimages/_3888000/altimages/ff_3888062-f848e302bef4a86eff9aalt3_full.jpg&w=900"
                ],
                "sizes": [
                    {
                        "value": "XL",
                        "is_available": "true"
                    }
                ],
                "description": "We want fans to celebrate their fandom by customizing and personalizing certain products. For these customizable products, including jerseys, we invite customers to tell us how they would like their preferred name or other text to appear by typing that text into the field indicated. However, just because a customer is able to type proposed customization text into the field and is able to complete the order through the website, not all proposed customization text will be accepted. Please note, Fanatics may reject and cancel any customization order for any reason, including for messages that are deemed offensive or inappropriate. Take your Arizona Cardinals fandom to the next level when you grab this Custom Game Jersey. This Nike gear is perfect for an avid Arizona Cardinals fan like you who never misses a moment of the action. The crisp graphics will put your unwavering pride on full display and ensure everyone knows who you're rooting for at the next game!",
                "details":
                    "Fit: Men's Nike Game Jerseys have a Loose Fit. We recommend ordering one size larger than you normally wear for a looser fit or up two sizes if you plan on layering underneath the jersey."
                
            },
            {
                "id": "9993йцу99999-1efd-11ec-9621-0242a455ff3430002",
                "title": "Men's Nike J.J. Watt Black Arizona Cardinals Legend Jersey",
                "department": "Джерси",
                "price": 9000,
                "badge": {
                    "value": "Хит сезона",
                    "color": "#3C72BF"
                },
                "preview": "https://fanatics.frgimages.com/FFImage/thumb.aspx?i=/productimages/_3533000/ff_3533150-d9254664c08370f8572c_full.jpg&w=340",
                "images": [
                    "https://fanatics.frgimages.com/FFImage/thumb.aspx?i=/productimages/_3888000/altimages/ff_3888062-f848e302bef4a86eff9aalt3_full.jpg&w=900"
                ],
                "sizes": [
                    {
                        "value": "XL",
                        "is_available": "true"
                    }
                ],
                "description": "We want fans to celebrate their fandom by customizing and personalizing certain products. For these customizable products, including jerseys, we invite customers to tell us how they would like their preferred name or other text to appear by typing that text into the field indicated. However, just because a customer is able to type proposed customization text into the field and is able to complete the order through the website, not all proposed customization text will be accepted. Please note, Fanatics may reject and cancel any customization order for any reason, including for messages that are deemed offensive or inappropriate. Take your Arizona Cardinals fandom to the next level when you grab this Custom Game Jersey. This Nike gear is perfect for an avid Arizona Cardinals fan like you who never misses a moment of the action. The crisp graphics will put your unwavering pride on full display and ensure everyone knows who you're rooting for at the next game!",
                "details":
                    "Fit: Men's Nike Game Jerseys have a Loose Fit. We recommend ordering one size larger than you normally wear for a looser fit or up two sizes if you plan on layering underneath the jersey."
                
            },
            {
                "id": "047eaйцуe1174-1efd3-11ec-9621-0242ac130002",
                "title": "Men's Nike J.J. Watt Black Arizona Cardinals Legend Jersey",
                "department": "Джерси",
                "price": 9000,
                "badge": {
                    "value": "Хит сезона",
                    "color": "#3C72BF"
                },
                "preview": "https://fanatics.frgimages.com/FFImage/thumb.aspx?i=/productimages/_3533000/ff_3533150-d9254664c08370f8572c_full.jpg&w=340",
                "images": [
                    "https://fanatics.frgimages.com/FFImage/thumb.aspx?i=/productimages/_3888000/altimages/ff_3888062-f848e302bef4a86eff9aalt3_full.jpg&w=900"
                ],
                "sizes": [
                    {
                        "value": "XL",
                        "is_available": "true"
                    }
                ],
                "description": "We want fans to celebrate their fandom by customizing and personalizing certain products. For these customizable products, including jerseys, we invite customers to tell us how they would like their preferred name or other text to appear by typing that text into the field indicated. However, just because a customer is able to type proposed customization text into the field and is able to complete the order through the website, not all proposed customization text will be accepted. Please note, Fanatics may reject and cancel any customization order for any reason, including for messages that are deemed offensive or inappropriate. Take your Arizona Cardinals fandom to the next level when you grab this Custom Game Jersey. This Nike gear is perfect for an avid Arizona Cardinals fan like you who never misses a moment of the action. The crisp graphics will put your unwavering pride on full display and ensure everyone knows who you're rooting for at the next game!",
                "details":
                    "Fit: Men's Nike Game Jerseys have a Loose Fit. We recommend ordering one size larger than you normally wear for a looser fit or up two sizes if you plan on layering underneath the jersey."
                
            },
            {
                "id": "999994йцу4999-1efd-11ec-9621-0242aff3430002",
                "title": "Men's Nike J.J. Watt Black Arizona Cardinals Legend Jersey",
                "department": "Джерси",
                "price": 9000,
                "badge": {
                    "value": "Хит сезона",
                    "color": "#3C72BF"
                },
                "preview": "https://fanatics.frgimages.com/FFImage/thumb.aspx?i=/productimages/_3533000/ff_3533150-d9254664c08370f8572c_full.jpg&w=340",
                "images": [
                    "https://fanatics.frgimages.com/FFImage/thumb.aspx?i=/productimages/_3888000/altimages/ff_3888062-f848e302bef4a86eff9aalt3_full.jpg&w=900"
                ],
                "sizes": [
                    {
                        "value": "XL",
                        "is_available": "true"
                    }
                ],
                "description": "We want fans to celebrate their fandom by customizing and personalizing certain products. For these customizable products, including jerseys, we invite customers to tell us how they would like their preferred name or other text to appear by typing that text into the field indicated. However, just because a customer is able to type proposed customization text into the field and is able to complete the order through the website, not all proposed customization text will be accepted. Please note, Fanatics may reject and cancel any customization order for any reason, including for messages that are deemed offensive or inappropriate. Take your Arizona Cardinals fandom to the next level when you grab this Custom Game Jersey. This Nike gear is perfect for an avid Arizona Cardinals fan like you who never misses a moment of the action. The crisp graphics will put your unwavering pride on full display and ensure everyone knows who you're rooting for at the next game!",
                "details":
                    "Fit: Men's Nike Game Jerseys have a Loose Fit. We recommend ordering one size larger than you normally wear for a looser fit or up two sizes if you plan on layering underneath the jersey."
                
            },

            {
                "id": "047e1йцу111ae74-1efd-11ec-9621-0242ac130002",
                "title": "Men's Nike J.J. Watt Black Arizona Cardinals Legend Jersey",
                "department": "Джерси",
                "price": 9000,
                "badge": {
                    "value": "Хит сезона",
                    "color": "#3C72BF"
                },
                "preview": "https://fanatics.frgimages.com/FFImage/thumb.aspx?i=/productimages/_3533000/ff_3533150-d9254664c08370f8572c_full.jpg&w=340",
                "images": [
                    "https://fanatics.frgimages.com/FFImage/thumb.aspx?i=/productimages/_3888000/altimages/ff_3888062-f848e302bef4a86eff9aalt3_full.jpg&w=900"
                ],
                "sizes": [
                    {
                        "value": "XL",
                        "is_available": "true"
                    }
                ],
                "description": "We want fans to celebrate their fandom by customizing and personalizing certain products. For these customizable products, including jerseys, we invite customers to tell us how they would like their preferred name or other text to appear by typing that text into the field indicated. However, just because a customer is able to type proposed customization text into the field and is able to complete the order through the website, not all proposed customization text will be accepted. Please note, Fanatics may reject and cancel any customization order for any reason, including for messages that are deemed offensive or inappropriate. Take your Arizona Cardinals fandom to the next level when you grab this Custom Game Jersey. This Nike gear is perfect for an avid Arizona Cardinals fan like you who never misses a moment of the action. The crisp graphics will put your unwavering pride on full display and ensure everyone knows who you're rooting for at the next game!",
                "details":
                    "Fit: Men's Nike Game Jerseys have a Loose Fit. We recommend ordering one size larger than you normally wear for a looser fit or up two sizes if you plan on layering underneath the jersey."
                
            },
            {
                "id": "999994йуц4449699-1efd-11ec-9621-0242aff3430002",
                "title": "Men's Nike J.J. Watt Black Arizona Cardinals Legend Jersey",
                "department": "Джерси",
                "price": 9000,
                "badge": {
                    "value": "Хит сезона",
                    "color": "#3C72BF"
                },
                "preview": "https://fanatics.frgimages.com/FFImage/thumb.aspx?i=/productimages/_3533000/ff_3533150-d9254664c08370f8572c_full.jpg&w=340",
                "images": [
                    "https://fanatics.frgimages.com/FFImage/thumb.aspx?i=/productimages/_3888000/altimages/ff_3888062-f848e302bef4a86eff9aalt3_full.jpg&w=900"
                ],
                "sizes": [
                    {
                        "value": "XL",
                        "is_available": "true"
                    }
                ],
                "description": "We want fans to celebrate their fandom by customizing and personalizing certain products. For these customizable products, including jerseys, we invite customers to tell us how they would like their preferred name or other text to appear by typing that text into the field indicated. However, just because a customer is able to type proposed customization text into the field and is able to complete the order through the website, not all proposed customization text will be accepted. Please note, Fanatics may reject and cancel any customization order for any reason, including for messages that are deemed offensive or inappropriate. Take your Arizona Cardinals fandom to the next level when you grab this Custom Game Jersey. This Nike gear is perfect for an avid Arizona Cardinals fan like you who never misses a moment of the action. The crisp graphics will put your unwavering pride on full display and ensure everyone knows who you're rooting for at the next game!",
                "details":
                    "Fit: Men's Nike Game Jerseys have a Loose Fit. We recommend ordering one size larger than you normally wear for a looser fit or up two sizes if you plan on layering underneath the jersey."
                
            },
            {
                "id": "0475eaйцуe74-1efd-11ec-9621-0244442ac130002",
                "title": "Men's Nike J.J. Watt Black Arizona Cardinals Legend Jersey",
                "department": "Джерси",
                "price": 9000,
                "badge": {
                    "value": "Хит сезона",
                    "color": "#3C72BF"
                },
                "preview": "https://fanatics.frgimages.com/FFImage/thumb.aspx?i=/productimages/_3533000/ff_3533150-d9254664c08370f8572c_full.jpg&w=340",
                "images": [
                    "https://fanatics.frgimages.com/FFImage/thumb.aspx?i=/productimages/_3888000/altimages/ff_3888062-f848e302bef4a86eff9aalt3_full.jpg&w=900"
                ],
                "sizes": [
                    {
                        "value": "XL",
                        "is_available": "true"
                    }
                ],
                "description": "We want fans to celebrate their fandom by customizing and personalizing certain products. For these customizable products, including jerseys, we invite customers to tell us how they would like their preferred name or other text to appear by typing that text into the field indicated. However, just because a customer is able to type proposed customization text into the field and is able to complete the order through the website, not all proposed customization text will be accepted. Please note, Fanatics may reject and cancel any customization order for any reason, including for messages that are deemed offensive or inappropriate. Take your Arizona Cardinals fandom to the next level when you grab this Custom Game Jersey. This Nike gear is perfect for an avid Arizona Cardinals fan like you who never misses a moment of the action. The crisp graphics will put your unwavering pride on full display and ensure everyone knows who you're rooting for at the next game!",
                "details":
                    "Fit: Men's Nike Game Jerseys have a Loose Fit. We recommend ordering one size larger than you normally wear for a looser fit or up two sizes if you plan on layering underneath the jersey."
                
            },
            {
                "id": "99939йцу999555559-1efd-11ec-9621-0242a455ff3430002",
                "title": "Men's Nike J.J. Watt Black Arizona Cardinals Legend Jersey",
                "department": "Джерси",
                "price": 9000,
                "badge": {
                    "value": "Хит сезона",
                    "color": "#3C72BF"
                },
                "preview": "https://fanatics.frgimages.com/FFImage/thumb.aspx?i=/productimages/_3533000/ff_3533150-d9254664c08370f8572c_full.jpg&w=340",
                "images": [
                    "https://fanatics.frgimages.com/FFImage/thumb.aspx?i=/productimages/_3888000/altimages/ff_3888062-f848e302bef4a86eff9aalt3_full.jpg&w=900"
                ],
                "sizes": [
                    {
                        "value": "XL",
                        "is_available": "true"
                    }
                ],
                "description": "We want fans to celebrate their fandom by customizing and personalizing certain products. For these customizable products, including jerseys, we invite customers to tell us how they would like their preferred name or other text to appear by typing that text into the field indicated. However, just because a customer is able to type proposed customization text into the field and is able to complete the order through the website, not all proposed customization text will be accepted. Please note, Fanatics may reject and cancel any customization order for any reason, including for messages that are deemed offensive or inappropriate. Take your Arizona Cardinals fandom to the next level when you grab this Custom Game Jersey. This Nike gear is perfect for an avid Arizona Cardinals fan like you who never misses a moment of the action. The crisp graphics will put your unwavering pride on full display and ensure everyone knows who you're rooting for at the next game!",
                "details":
                    "Fit: Men's Nike Game Jerseys have a Loose Fit. We recommend ordering one size larger than you normally wear for a looser fit or up two sizes if you plan on layering underneath the jersey."
                
            },
            {
                "id": "047ea222йцу2222222e1174-1efd3-11ec-9621-0242ac130002",
                "title": "Men's Nike J.J. Watt Black Arizona Cardinals Legend Jersey",
                "department": "Джерси",
                "price": 9000,
                "badge": {
                    "value": "Хит сезона",
                    "color": "#3C72BF"
                },
                "preview": "https://fanatics.frgimages.com/FFImage/thumb.aspx?i=/productimages/_3533000/ff_3533150-d9254664c08370f8572c_full.jpg&w=340",
                "images": [
                    "https://fanatics.frgimages.com/FFImage/thumb.aspx?i=/productimages/_3888000/altimages/ff_3888062-f848e302bef4a86eff9aalt3_full.jpg&w=900"
                ],
                "sizes": [
                    {
                        "value": "XL",
                        "is_available": "true"
                    }
                ],
                "description": "We want fans to celebrate their fandom by customizing and personalizing certain products. For these customizable products, including jerseys, we invite customers to tell us how they would like their preferred name or other text to appear by typing that text into the field indicated. However, just because a customer is able to type proposed customization text into the field and is able to complete the order through the website, not all proposed customization text will be accepted. Please note, Fanatics may reject and cancel any customization order for any reason, including for messages that are deemed offensive or inappropriate. Take your Arizona Cardinals fandom to the next level when you grab this Custom Game Jersey. This Nike gear is perfect for an avid Arizona Cardinals fan like you who never misses a moment of the action. The crisp graphics will put your unwavering pride on full display and ensure everyone knows who you're rooting for at the next game!",
                "details":
                    "Fit: Men's Nike Game Jerseys have a Loose Fit. We recommend ordering one size larger than you normally wear for a looser fit or up two sizes if you plan on layering underneath the jersey."
                
            },
            {
                "id": "1122344-1efйцуd-11ec-9621-0242aff3430002",
                "title": "Men's Nike J.J. Watt Black Arizona Cardinals Legend Jersey",
                "department": "Джерси",
                "price": 9000,
                "badge": {
                    "value": "Хит сезона",
                    "color": "#3C72BF"
                },
                "preview": "https://fanatics.frgimages.com/FFImage/thumb.aspx?i=/productimages/_3533000/ff_3533150-d9254664c08370f8572c_full.jpg&w=340",
                "images": [
                    "https://fanatics.frgimages.com/FFImage/thumb.aspx?i=/productimages/_3888000/altimages/ff_3888062-f848e302bef4a86eff9aalt3_full.jpg&w=900"
                ],
                "sizes": [
                    {
                        "value": "XL",
                        "is_available": "true"
                    }
                ],
                "description": "We want fans to celebrate their fandom by customizing and personalizing certain products. For these customizable products, including jerseys, we invite customers to tell us how they would like their preferred name or other text to appear by typing that text into the field indicated. However, just because a customer is able to type proposed customization text into the field and is able to complete the order through the website, not all proposed customization text will be accepted. Please note, Fanatics may reject and cancel any customization order for any reason, including for messages that are deemed offensive or inappropriate. Take your Arizona Cardinals fandom to the next level when you grab this Custom Game Jersey. This Nike gear is perfect for an avid Arizona Cardinals fan like you who never misses a moment of the action. The crisp graphics will put your unwavering pride on full display and ensure everyone knows who you're rooting for at the next game!",
                "details":
                    "Fit: Men's Nike Game Jerseys have a Loose Fit. We recommend ordering one size larger than you normally wear for a looser fit or up two sizes if you plan on layering underneath the jersey."
                
            }
        ]
    }
}
