{
    "data": {
        "orders": [
            {
                "id": "047eae74-1efd-11ec-9621-0242ac1300025",
                "title": "Men's Nike J.J. Watt Black Arizona Cardinals Legend Jersey",
                "number": 1123,
                "product_id": "455fccf6-1f03-11ec-9621-0242ac130002",
                "product_preview": "https://fanatics.frgimages.com/FFImage/thumb.aspx?i=/productimages/_4273000/ff_4273570-ad01ab376f8884cfb370_full.jpg&w=340",
                "product_quantity": 1,
                "product_size": "XL",
                "created_at": "2021-08-09T18:31:42+03:00",
                "etd": "2021-09-30T16:00:00+03:00",
                "delivery_address": "г. Саранск, ул. Демократическая, 14",
                "status": "in_work"
            },
            {
                "id": "047eae174-1efd-11ec-9621-0242ac130002",
                "title": "Men's Nike J.J. Watt Black Arizona Cardinals Legend Jersey",
                "number": 1123,
                "product_id": "455fccf6-1f03-11ec-9621-0242ac130002",
                "product_preview": "https://fanatics.frgimages.com/FFImage/thumb.aspx?i=/productimages/_4273000/ff_4273570-ad01ab376f8884cfb370_full.jpg&w=340",
                "product_quantity": 1,
                "product_size": "XL",
                "created_at": "2021-08-09T18:31:42+03:00",
                "etd": "2021-09-30T16:00:00+03:00",
                "delivery_address": "г. Саранск, ул. Демократическая, 14",
                "status": "cancelled"
            },
            {
                "id": "0471eae74-1efd-11ec-9621-0242ac130002",
                "title": "Men's Nike J.J. Watt Black Arizona Cardinals Legend Jersey",
                "number": 1123,
                "product_id": "455fccf6-1f03-11ec-9621-0242ac130002",
                "product_preview": "https://fanatics.frgimages.com/FFImage/thumb.aspx?i=/productimages/_4273000/ff_4273570-ad01ab376f8884cfb370_full.jpg&w=340",
                "product_quantity": 1,
                "product_size": "XL",
                "created_at": "2021-08-09T18:31:42+03:00",
                "etd": "2021-09-30T16:00:00+03:00",
                "delivery_address": "г. Саранск, ул. Демократическая, 14",
                "status": "cancelled"
            },
            {
                "id": "047eae174-1efd-11ec-9621-0242ac130002",
                "title": "Men's Nike J.J. Watt Black Arizona Cardinals Legend Jersey",
                "number": 1123,
                "product_id": "455fccf6-1f03-11ec-9621-0242ac130002",
                "product_preview": "https://fanatics.frgimages.com/FFImage/thumb.aspx?i=/productimages/_4273000/ff_4273570-ad01ab376f8884cfb370_full.jpg&w=340",
                "product_quantity": 1,
                "product_size": "XL",
                "created_at": "2021-08-09T18:31:42+03:00",
                "etd": "2021-09-30T16:00:00+03:00",
                "delivery_address": "г. Саранск, ул. Демократическая, 14",
                "status": "cancelled"
            },
            {
                "id": "047eae74-1efd-111ec-9621-0242ac130002",
                "title": "Men's Nike J.J. Watt Black Arizona Cardinals Legend Jersey",
                "number": 1123,
                "product_id": "455fccf6-1f03-11ec-9621-0242ac130002",
                "product_preview": "https://fanatics.frgimages.com/FFImage/thumb.aspx?i=/productimages/_4273000/ff_4273570-ad01ab376f8884cfb370_full.jpg&w=340",
                "product_quantity": 1,
                "product_size": "XL",
                "created_at": "2021-08-09T18:31:42+03:00",
                "etd": "2021-09-30T16:00:00+03:00",
                "delivery_address": "г. Саранск, ул. Демократическая, 14",
                "status": "in_work"
            },
            {
                "id": "047eae74-1e1fd-11ec-9621-0242ac130002",
                "title": "Men's Nike J.J. Watt Black Arizona Cardinals Legend Jersey",
                "number": 1123,
                "product_id": "455fccf6-1f03-11ec-9621-0242ac130002",
                "product_preview": "https://fanatics.frgimages.com/FFImage/thumb.aspx?i=/productimages/_4273000/ff_4273570-ad01ab376f8884cfb370_full.jpg&w=340",
                "product_quantity": 1,
                "product_size": "XL",
                "created_at": "2021-08-09T18:31:42+03:00",
                "etd": "2021-09-30T16:00:00+03:00",
                "delivery_address": "г. Саранск, ул. Демократическая, 14",
                "status": "in_work"
            },
            {
                "id": "047eae714-1efd-11ec-9621-0242ac130002",
                "title": "Men's Nike J.J. Watt Black Arizona Cardinals Legend Jersey",
                "number": 1123,
                "product_id": "455fccf6-1f03-11ec-9621-0242ac130002",
                "product_preview": "https://fanatics.frgimages.com/FFImage/thumb.aspx?i=/productimages/_4273000/ff_4273570-ad01ab376f8884cfb370_full.jpg&w=340",
                "product_quantity": 1,
                "product_size": "XL",
                "created_at": "2021-08-09T18:31:42+03:00",
                "etd": "2021-09-30T16:00:00+03:00",
                "delivery_address": "г. Саранск, ул. Демократическая, 14",
                "status": "in_work"
            }
            
        ]
    }
}
